Area_desc,full_name
SCIENZE BIOLOGICHE ,Daniela Trisciuoglio
SCIENZE BIOLOGICHE ,Serena  Sanna
SCIENZE BIOLOGICHE ,Francesca  Cavalcanti
 SCIENZE MATEMATICHE E INFORMATICHE ,Paolo  Barsocchi
SCIENZE BIOLOGICHE ,Antonino Colanzi
SCIENZE MEDICHE,Maria Grazia Andreassi
INGEGNERIA INDUSTRIALE E DELL'INFORMAZIONE ,Alessandro  Leone
SCIENZE FISICHE ,Lorenzo Clemente Spinelli
SCIENZE BIOLOGICHE ,Alessandro  Sale
 SCIENZE MATEMATICHE E INFORMATICHE ,Marco  Sacco
"SCIENZE DELL’ANTICHITÀ, FILOLOGICO-LETTERARIE E STORICO-ARTISTICHE ",Vito  Pirrelli
SCIENZE ECONOMICHE E STATISTICHE ,Giuseppe Pio Dachille
SCIENZE ECONOMICHE E STATISTICHE ,Monica Pia Cecilia Paiella
 SCIENZE MATEMATICHE E INFORMATICHE ,Diego  Pieroni
SCIENZE ECONOMICHE E STATISTICHE ,Francesco Maura
"SCIENZE STORICHE, FILOSOFICHE, PEDAGOGICHE E PSICOLOGICHE ",Guido  Alessandri
INGEGNERIA INDUSTRIALE E DELL'INFORMAZIONE ,Alessio Tamburrano
SCIENZE BIOLOGICHE ,Gabriella  Minchiotti
SCIENZE POLITICHE E SOCIALI ,Mattia Vitiello
SCIENZE MEDICHE,Maddalena Illario
SCIENZE FISICHE ,Luca  Francioso
SCIENZE ECONOMICHE E STATISTICHE ,Greta  Falavigna
SCIENZE ECONOMICHE E STATISTICHE ,Luisa  Errichiello
SCIENZE MEDICHE,Veronica De Rosa
SCIENZE BIOLOGICHE ,Fabrizio D'Adda di Fagagna
SCIENZE BIOLOGICHE ,Marcello Melone
SCIENZE POLITICHE E SOCIALI ,Antonella Golino
SCIENZE POLITICHE E SOCIALI ,Andrea Principi
SCIENZE ECONOMICHE E STATISTICHE ,Elisabetta Barbi
SCIENZE ECONOMICHE E STATISTICHE ,Asya Bellia
SCIENZE POLITICHE E SOCIALI ,Cristina Gagliardi
SCIENZE GIURIDICHE ,CLAUDIA MORGANA CASCIONE
SCIENZE POLITICHE E SOCIALI ,Giovanni Lamura
SCIENZE MEDICHE,Fabrizia Lattanzio 
 SCIENZE MATEMATICHE E INFORMATICHE ,Valentina Ricci 
SCIENZE ECONOMICHE E STATISTICHE ,Irene Mammi
SCIENZE ECONOMICHE E STATISTICHE ,Valeria Maggian
SCIENZE GIURIDICHE ,Claudia Irti 
SCIENZE MEDICHE,Paolo Villari
SCIENZE MEDICHE,Antonio Domenico Procopio
INGEGNERIA INDUSTRIALE E DELL'INFORMAZIONE ,Lorena Rossi
SCIENZE MEDICHE,Giuseppe Pugliese
"SCIENZE STORICHE, FILOSOFICHE, PEDAGOGICHE E PSICOLOGICHE ",GIUSEPPE RIVA 
SCIENZE ECONOMICHE E STATISTICHE ,Gloria  Moroni 
SCIENZE MEDICHE,Andrea Corsonello
INGEGNERIA INDUSTRIALE E DELL'INFORMAZIONE ,MARIO ALESSANDRO BOCHICCHIO
SCIENZE MEDICHE,Nicola Baldini
SCIENZE MEDICHE,Anita De Rossi
SCIENZE MEDICHE,Antonio   Cherubini
SCIENZE POLITICHE E SOCIALI ,Maria Gabriellla Melchiorre
SCIENZE MEDICHE,Fabiola Olivieri
SCIENZE MEDICHE,EMANUELE MARZETTI 
"SCIENZE STORICHE, FILOSOFICHE, PEDAGOGICHE E PSICOLOGICHE ",Anna Maria Borghi Borghi
INGEGNERIA CIVILE E ARCHITETTURA ,Maria Argenti
INGEGNERIA INDUSTRIALE E DELL'INFORMAZIONE ,Febo Cincotti
SCIENZE GIURIDICHE ,Rosa Casillo
SCIENZE BIOLOGICHE ,Cristina Giuliani
SCIENZE MEDICHE,Carlos Juan Chiatti
SCIENZE ECONOMICHE E STATISTICHE ,Fabio Viviano
SCIENZE POLITICHE E SOCIALI ,Sara Santini
SCIENZE ECONOMICHE E STATISTICHE ,Cinzia Conti
SCIENZE ECONOMICHE E STATISTICHE ,Cinzia Castagnaro
"SCIENZE STORICHE, FILOSOFICHE, PEDAGOGICHE E PSICOLOGICHE ",Rabih Chattat
SCIENZE POLITICHE E SOCIALI ,CARMINE CLEMENTE
SCIENZE BIOLOGICHE ,Luigi Bubacco
SCIENZE ECONOMICHE E STATISTICHE ,Stefano Campostrini
SCIENZE ECONOMICHE E STATISTICHE ,MARIA LUISA MANCUSI 
SCIENZE POLITICHE E SOCIALI ,PIERMARCO AROLDI 
SCIENZE ECONOMICHE E STATISTICHE ,Margherita Borella
SCIENZE ECONOMICHE E STATISTICHE ,Ylenia Brilli 
SCIENZE ECONOMICHE E STATISTICHE ,Simone Ghislandi
SCIENZE MEDICHE,Stefania Basili
INGEGNERIA INDUSTRIALE E DELL'INFORMAZIONE ,Fanny Ficuciello
SCIENZE MEDICHE,Giusepppe  Rengo
SCIENZE ECONOMICHE E STATISTICHE ,Giovanna Boccuzzo
SCIENZE ECONOMICHE E STATISTICHE ,Agar Brugiavini
SCIENZE ECONOMICHE E STATISTICHE ,Paolo  Berta
SCIENZE ECONOMICHE E STATISTICHE ,Laura  Terzera
SCIENZE BIOLOGICHE ,Carlo Viscomi
SCIENZE ECONOMICHE E STATISTICHE ,CLAUDIO LUCIFORA 
SCIENZE MEDICHE,Poalo Marzullo
"SCIENZE STORICHE, FILOSOFICHE, PEDAGOGICHE E PSICOLOGICHE ",Stefania Lucia
SCIENZE MEDICHE,Jacopo Lenzi
SCIENZE MEDICHE,Corrado Caiazzo
SCIENZE ECONOMICHE E STATISTICHE ,Guglielmo Weber
SCIENZE MEDICHE,Diego  Longo 
INGEGNERIA INDUSTRIALE E DELL'INFORMAZIONE ,Christian Napoli
SCIENZE ECONOMICHE E STATISTICHE ,Mattia Stival
SCIENZE ECONOMICHE E STATISTICHE ,ROMA  ENRICO
SCIENZE ECONOMICHE E STATISTICHE ,Emilia Di Lorenzo
INGEGNERIA CIVILE E ARCHITETTURA ,Erminia Attaianese
SCIENZE MEDICHE,Guido Iaccarino
SCIENZE MEDICHE,Nicola Ferrara
SCIENZE BIOLOGICHE ,MARIA GRANO
"SCIENZE STORICHE, FILOSOFICHE, PEDAGOGICHE E PSICOLOGICHE ",CLAUDIA MANZI 
"SCIENZE STORICHE, FILOSOFICHE, PEDAGOGICHE E PSICOLOGICHE ",Fabio  Lucidi
SCIENZE MEDICHE,Alessandro  Laviano
SCIENZE BIOLOGICHE ,Stefano Gianni
SCIENZE ECONOMICHE E STATISTICHE ,Francesca Zantomio
SCIENZE GIURIDICHE ,Luisa  Corazza
SCIENZE ECONOMICHE E STATISTICHE ,LORENZO CAPPELLARI 
SCIENZE POLITICHE E SOCIALI ,Emanuela Maria Sala
SCIENZE BIOLOGICHE ,GRAZIANO PESOLE 
SCIENZE BIOLOGICHE ,Sergio Davinelli
INGEGNERIA INDUSTRIALE E DELL'INFORMAZIONE ,Salvatore Garofalo
INGEGNERIA CIVILE E ARCHITETTURA ,Tiziana Ferrante
INGEGNERIA INDUSTRIALE E DELL'INFORMAZIONE ,Zaccaria Del Prete
SCIENZE MEDICHE,NICOLA QUARANTA
"SCIENZE STORICHE, FILOSOFICHE, PEDAGOGICHE E PSICOLOGICHE ",Giuseppe Di Felice
SCIENZE POLITICHE E SOCIALI ,Riccardo Pronzato
SCIENZE MEDICHE,Giuseppe Calcagno
SCIENZE ECONOMICHE E STATISTICHE ,Anna Velyka
SCIENZE MEDICHE,VALERIA HASENMAJER
SCIENZE ECONOMICHE E STATISTICHE ,Andrea Ballerini
SCIENZE BIOLOGICHE ,ANTONIO  FRIGERI
SCIENZE MEDICHE,Francesca Cecchi
SCIENZE BIOLOGICHE ,Giuseppe  Passarino
"SCIENZE STORICHE, FILOSOFICHE, PEDAGOGICHE E PSICOLOGICHE ",Alessandro Volpe
SCIENZE MEDICHE,Federica Agosta
SCIENZE ECONOMICHE E STATISTICHE ,ELISABETTA VENEZIA
SCIENZE ECONOMICHE E STATISTICHE ,Alessandra De Rose
INGEGNERIA INDUSTRIALE E DELL'INFORMAZIONE ,Mattia  Dimitri 
SCIENZE ECONOMICHE E STATISTICHE ,Salvatore  Strozza
SCIENZE POLITICHE E SOCIALI ,Giustina Orientale Caputo
INGEGNERIA INDUSTRIALE E DELL'INFORMAZIONE ,Pasquale  Arpaia
SCIENZE ECONOMICHE E STATISTICHE ,Lorenzo Mercurio
SCIENZE POLITICHE E SOCIALI ,Andrea Antonini
"SCIENZE STORICHE, FILOSOFICHE, PEDAGOGICHE E PSICOLOGICHE ",Sara Zaniboni
SCIENZE POLITICHE E SOCIALI ,Marco Alberio
SCIENZE POLITICHE E SOCIALI ,Marco Albertini
"SCIENZE STORICHE, FILOSOFICHE, PEDAGOGICHE E PSICOLOGICHE ",Francesca  Pongiglione
SCIENZE ECONOMICHE E STATISTICHE ,MARIA CARELLA
SCIENZE BIOLOGICHE ,Andrea Graziani
"SCIENZE STORICHE, FILOSOFICHE, PEDAGOGICHE E PSICOLOGICHE ",Roberto  Baiocco
SCIENZE MEDICHE,MICHELE VIRGOLESI
SCIENZE ECONOMICHE E STATISTICHE ,Cristiana Abbafati
"SCIENZE STORICHE, FILOSOFICHE, PEDAGOGICHE E PSICOLOGICHE ",FRANCESCO PAGNINI 
"SCIENZE STORICHE, FILOSOFICHE, PEDAGOGICHE E PSICOLOGICHE ",CAMILLO MARRA 
SCIENZE POLITICHE E SOCIALI ,Dario Raspanti
SCIENZE MEDICHE,FEDERICA ANDREA CERASUOLO
SCIENZE ECONOMICHE E STATISTICHE ,ALESSANDRA DI BELLO
SCIENZE BIOLOGICHE ,ADRIANO FONZINO
SCIENZE ECONOMICHE E STATISTICHE ,Gianluca Fiorentini
"SCIENZE STORICHE, FILOSOFICHE, PEDAGOGICHE E PSICOLOGICHE ",Maria Francesca Freda
SCIENZE MEDICHE,Alberto Dal Molin
SCIENZE POLITICHE E SOCIALI ,Loris Vergolini
SCIENZE MEDICHE,Sarah Damanti
SCIENZE BIOLOGICHE ,Giada Sene
SCIENZE MEDICHE,Pasquale Mone
SCIENZE GIURIDICHE ,Valerio Rotondo
"SCIENZE STORICHE, FILOSOFICHE, PEDAGOGICHE E PSICOLOGICHE ",CHIARA ANTONUCCI
SCIENZE ECONOMICHE E STATISTICHE ,Cristina Mele
SCIENZE BIOLOGICHE ,Flavia  Valtorta
SCIENZE MEDICHE,Luca Rampoldi
SCIENZE MEDICHE,LEONARDO  BENCIVENGA
SCIENZE MEDICHE,Marianna  Talia
SCIENZE MEDICHE,VINCENZO SOLFRIZZI
SCIENZE GIURIDICHE ,VALERIA DI COMITE
"SCIENZE STORICHE, FILOSOFICHE, PEDAGOGICHE E PSICOLOGICHE ",Sarah Songhorian
SCIENZE MEDICHE,Chukwuma Okoye
 SCIENZE MATEMATICHE E INFORMATICHE ,Stefano Ricciardi
SCIENZE MEDICHE,Giuseppe  Bellelli
"SCIENZE STORICHE, FILOSOFICHE, PEDAGOGICHE E PSICOLOGICHE ",Bianca Monachesi
SCIENZE POLITICHE E SOCIALI ,Laura Santi Amantini
SCIENZE MEDICHE,ANGELA PALOMBA
"SCIENZE STORICHE, FILOSOFICHE, PEDAGOGICHE E PSICOLOGICHE ",Diletta Barbiani
SCIENZE BIOLOGICHE ,Cellot  Giada
SCIENZE CHIMICHE ,Luca Moretti
SCIENZE POLITICHE E SOCIALI ,Roberta Sala
SCIENZE CHIMICHE ,Cristina  Airoldi
"SCIENZE STORICHE, FILOSOFICHE, PEDAGOGICHE E PSICOLOGICHE ",SARA  TROLESE 
SCIENZE CHIMICHE ,Leonardo Tenori
SCIENZE ECONOMICHE E STATISTICHE ,Roberto Impicciatore
SCIENZE ECONOMICHE E STATISTICHE ,Carlos Javier  Gil Hernandez 
INGEGNERIA CIVILE E ARCHITETTURA ,Elena  Bellini 
SCIENZE MEDICHE,ANNA MARIA MARTONE
SCIENZE MEDICHE,Elisa Bientinesi
SCIENZE ECONOMICHE E STATISTICHE ,Giulia Giupponi
INGEGNERIA INDUSTRIALE E DELL'INFORMAZIONE ,Lorenzo Frassineti
SCIENZE ECONOMICHE E STATISTICHE ,ROBERTA PACE
SCIENZE POLITICHE E SOCIALI ,FRANCESCA ZANASI
SCIENZE ECONOMICHE E STATISTICHE ,Chiara Ludovica Comolli
SCIENZE MEDICHE,Miriam Capri
SCIENZE GIURIDICHE ,Matteo DE PAMPHILIS
SCIENZE ECONOMICHE E STATISTICHE ,ANNA PATERNO
"SCIENZE STORICHE, FILOSOFICHE, PEDAGOGICHE E PSICOLOGICHE ",Daniele  Luigi Romano
"SCIENZE STORICHE, FILOSOFICHE, PEDAGOGICHE E PSICOLOGICHE ",Felicia Fiore
SCIENZE POLITICHE E SOCIALI ,Sara Nanetti
SCIENZE POLITICHE E SOCIALI ,ALICE LOMONACO
SCIENZE POLITICHE E SOCIALI ,Daniela Grignoli
SCIENZE ECONOMICHE E STATISTICHE ,Elisa Brini
SCIENZE ECONOMICHE E STATISTICHE ,Annalisa Donno
INGEGNERIA INDUSTRIALE E DELL'INFORMAZIONE ,Frida Milella
SCIENZE ECONOMICHE E STATISTICHE ,Gustavo De Santis
SCIENZE ECONOMICHE E STATISTICHE ,Claudia Salvatore
SCIENZE ECONOMICHE E STATISTICHE ,Rossella  Miglio
INGEGNERIA INDUSTRIALE E DELL'INFORMAZIONE ,Enrico Boni
INGEGNERIA INDUSTRIALE E DELL'INFORMAZIONE ,Margherita  Romiti
"SCIENZE STORICHE, FILOSOFICHE, PEDAGOGICHE E PSICOLOGICHE ",Sella  Enrico
SCIENZE ECONOMICHE E STATISTICHE ,ELEONORA TRAPPOLINI
SCIENZE ECONOMICHE E STATISTICHE ,LUCIA ZANOTTO
INGEGNERIA INDUSTRIALE E DELL'INFORMAZIONE ,Lorenzo  Pugi 
SCIENZE BIOLOGICHE ,Francesca Barone
SCIENZE POLITICHE E SOCIALI ,Cristina Calvi
SCIENZE ECONOMICHE E STATISTICHE ,Cristina Ugolini
SCIENZE BIOLOGICHE ,Alessandro Silvani
SCIENZE MEDICHE,Antonio Totaro
INGEGNERIA INDUSTRIALE E DELL'INFORMAZIONE ,Antonio Cuccaro
SCIENZE GIURIDICHE ,Silvio Sonnati
SCIENZE GIURIDICHE ,VALERIA ALLOCCA
SCIENZE ECONOMICHE E STATISTICHE ,GIULIA GUIDI
SCIENZE MEDICHE,Benedetta Nacmias
SCIENZE MEDICHE,Paola Costelli
SCIENZE ECONOMICHE E STATISTICHE ,ALBA ROVIELLO
SCIENZE ECONOMICHE E STATISTICHE ,Manuela  Stranges
SCIENZE MEDICHE,Paola Canale
"SCIENZE STORICHE, FILOSOFICHE, PEDAGOGICHE E PSICOLOGICHE ",Vanna Boffo
SCIENZE MEDICHE,Stefano  Salvioli
SCIENZE POLITICHE E SOCIALI ,Tiziana Nazio
SCIENZE MEDICHE,Spinello  Gioi
SCIENZE BIOLOGICHE ,GABRIELE CHELINI
SCIENZE ECONOMICHE E STATISTICHE ,Pasquale  Giacobbe
"SCIENZE STORICHE, FILOSOFICHE, PEDAGOGICHE E PSICOLOGICHE ",ILARIA CHIRICO
SCIENZE ECONOMICHE E STATISTICHE ,Marta Pittavino
SCIENZE MEDICHE,Alice Masini
SCIENZE ECONOMICHE E STATISTICHE ,PIETRO BELLONI
INGEGNERIA CIVILE E ARCHITETTURA ,MARIANGELA PERILLO
SCIENZE BIOLOGICHE ,Alessandra Bigi
SCIENZE ECONOMICHE E STATISTICHE ,Cecilia Tomassini
SCIENZE MEDICHE,Elvira Filicetti
 SCIENZE MATEMATICHE E INFORMATICHE ,Dimitri Belli
INGEGNERIA INDUSTRIALE E DELL'INFORMAZIONE ,Luigi  Bruno
SCIENZE ECONOMICHE E STATISTICHE ,Emilio  Russo
SCIENZE ECONOMICHE E STATISTICHE ,Elena Pirani
 SCIENZE MATEMATICHE E INFORMATICHE ,Stefania Bandini
SCIENZE MEDICHE,Matteo  Franchi
 SCIENZE MATEMATICHE E INFORMATICHE ,Francesca Gasparini
"SCIENZE STORICHE, FILOSOFICHE, PEDAGOGICHE E PSICOLOGICHE ",Debora Daddi
SCIENZE MEDICHE,Luca Busetto
SCIENZE BIOLOGICHE ,Luisa Ricci
SCIENZE BIOLOGICHE ,Ainhoa Viana Alzola
INGEGNERIA INDUSTRIALE E DELL'INFORMAZIONE ,Riaz Majid
SCIENZE ECONOMICHE E STATISTICHE ,Massimo  Costabile
SCIENZE MEDICHE,CHIARA BONTEMPO
SCIENZE ECONOMICHE E STATISTICHE ,Aleksandra Torbica
SCIENZE BIOLOGICHE ,Lorenzo Neri
"SCIENZE STORICHE, FILOSOFICHE, PEDAGOGICHE E PSICOLOGICHE ",ALESSIA VALMORI
SCIENZE ECONOMICHE E STATISTICHE ,Michele Maccarini
SCIENZE ECONOMICHE E STATISTICHE ,Nancy Zambon
SCIENZE POLITICHE E SOCIALI ,Enrico Biale
INGEGNERIA INDUSTRIALE E DELL'INFORMAZIONE ,Alessandro Ovidio Paris Ramalli
SCIENZE BIOLOGICHE ,Giulia Ferrarese
SCIENZE ECONOMICHE E STATISTICHE ,Gabriella Piscopo
SCIENZE ECONOMICHE E STATISTICHE ,Emilio CAMELI
SCIENZE MEDICHE,Rosamaria  Lappano
SCIENZE GIURIDICHE ,Arianna Fusaro
SCIENZE ECONOMICHE E STATISTICHE ,Chiara Rapallini
SCIENZE ECONOMICHE E STATISTICHE ,Salierno Martina
INGEGNERIA INDUSTRIALE E DELL'INFORMAZIONE ,Navid Nobani
SCIENZE POLITICHE E SOCIALI ,Anna Galeotti
SCIENZE ECONOMICHE E STATISTICHE ,Lorenzo Schiavon
INGEGNERIA INDUSTRIALE E DELL'INFORMAZIONE ,Chiara  Verbano
SCIENZE BIOLOGICHE ,Giulia Sautariello
"SCIENZE STORICHE, FILOSOFICHE, PEDAGOGICHE E PSICOLOGICHE ",Francesca Romana Loberto
SCIENZE MEDICHE,Federico Emanuele Pozzi
SCIENZE MEDICHE,MATTIA LAFFRANCHI
SCIENZE BIOLOGICHE ,Daniela Capello
SCIENZE ECONOMICHE E STATISTICHE ,Matteo  Pelagatti
SCIENZE BIOLOGICHE ,Fabrizio Chiti
SCIENZE BIOLOGICHE ,Erika Di Domenico
SCIENZE MEDICHE,Guglielmo Bonaccorsi
INGEGNERIA CIVILE E ARCHITETTURA ,Francesca Tosi
SCIENZE ECONOMICHE E STATISTICHE ,Gessica Vella
SCIENZE POLITICHE E SOCIALI ,Gloria Zuccarelli
SCIENZE POLITICHE E SOCIALI ,ROSA GATTI
SCIENZE ECONOMICHE E STATISTICHE ,Federico DE LUCA 
INGEGNERIA INDUSTRIALE E DELL'INFORMAZIONE ,Alessandra Sorrentino 
SCIENZE BIOLOGICHE ,ONOFRIO VALENTE
INGEGNERIA INDUSTRIALE E DELL'INFORMAZIONE ,Aiman  Rashid
INGEGNERIA INDUSTRIALE E DELL'INFORMAZIONE ,Federico Carpi
SCIENZE ECONOMICHE E STATISTICHE ,Giammarco Alderotti
"SCIENZE STORICHE, FILOSOFICHE, PEDAGOGICHE E PSICOLOGICHE ",Cristina Banchi
INGEGNERIA INDUSTRIALE E DELL'INFORMAZIONE ,Maria Caterina  Mannone
SCIENZE POLITICHE E SOCIALI ,Elena Allegri
INGEGNERIA INDUSTRIALE E DELL'INFORMAZIONE ,Andrea MANNI
INGEGNERIA CIVILE E ARCHITETTURA ,Nicoletta Setola
INGEGNERIA INDUSTRIALE E DELL'INFORMAZIONE ,Antonio Lanatà
SCIENZE BIOLOGICHE ,Enrico Milan
SCIENZE MEDICHE,Silvia Giunco
 SCIENZE MATEMATICHE E INFORMATICHE ,Davide Donato RUSSO
SCIENZE GIURIDICHE ,MARIA LUISA CINIGLIO
SCIENZE MEDICHE,Gianluca Aimaretti
"SCIENZE STORICHE, FILOSOFICHE, PEDAGOGICHE E PSICOLOGICHE ",Sara Pegoraro
SCIENZE ECONOMICHE E STATISTICHE ,Giuliano Resce
SCIENZE MEDICHE,Daniela Monti
SCIENZE ECONOMICHE E STATISTICHE ,Jan Mazza
SCIENZE MEDICHE,Alessandra Buja
SCIENZE ECONOMICHE E STATISTICHE ,Raffaele Guetto
 SCIENZE MATEMATICHE E INFORMATICHE ,Davide Chicco
INGEGNERIA INDUSTRIALE E DELL'INFORMAZIONE ,Beatrice Francalanci 
"SCIENZE STORICHE, FILOSOFICHE, PEDAGOGICHE E PSICOLOGICHE ",Davide  Cino
"SCIENZE STORICHE, FILOSOFICHE, PEDAGOGICHE E PSICOLOGICHE ",Roberta  Daini
"SCIENZE STORICHE, FILOSOFICHE, PEDAGOGICHE E PSICOLOGICHE ",ANGELA RUSSO 
SCIENZE BIOLOGICHE ,Marco Linari
SCIENZE GIURIDICHE ,Sara Landini
SCIENZE BIOLOGICHE ,Chiara Sasia
SCIENZE POLITICHE E SOCIALI ,Michele Bertani 
SCIENZE POLITICHE E SOCIALI ,ADRIANA CERASUOLO
SCIENZE BIOLOGICHE ,Fiorenzo  Conti
SCIENZE MEDICHE,RICCARDO CALVANI
SCIENZE MEDICHE,ANTONIO PICONE
SCIENZE BIOLOGICHE ,Annamaria  Antona
SCIENZE ECONOMICHE E STATISTICHE ,Martina Celidoni
SCIENZE BIOLOGICHE ,Manuel Alejandro Montano Castillo
SCIENZE CHIMICHE ,Alessia Vignoli
SCIENZE ECONOMICHE E STATISTICHE ,Domenico  De Giovanni
SCIENZE MEDICHE,Fulvio  Ricceri
SCIENZE ECONOMICHE E STATISTICHE ,Daniela Carrillo
 SCIENZE MATEMATICHE E INFORMATICHE ,Fabio Chillotti
SCIENZE ECONOMICHE E STATISTICHE , MOSLEM  RASHIDI
"SCIENZE STORICHE, FILOSOFICHE, PEDAGOGICHE E PSICOLOGICHE ",JAMES DAWE
SCIENZE ECONOMICHE E STATISTICHE ,ROBERTA MISURACA
SCIENZE POLITICHE E SOCIALI ,Federica Cretazzo
"SCIENZE STORICHE, FILOSOFICHE, PEDAGOGICHE E PSICOLOGICHE ",Erika Borella
INGEGNERIA INDUSTRIALE E DELL'INFORMAZIONE ,Fabio  Mercorio
"SCIENZE STORICHE, FILOSOFICHE, PEDAGOGICHE E PSICOLOGICHE ",Fabrizia Mantovani
SCIENZE ECONOMICHE E STATISTICHE ,Nicola CARAVAGGIO
"SCIENZE STORICHE, FILOSOFICHE, PEDAGOGICHE E PSICOLOGICHE ",MARGHERITA BERTUCCELLI
SCIENZE BIOLOGICHE ,Marco Narici
SCIENZE MEDICHE,Clotilde Sparano
SCIENZE ECONOMICHE E STATISTICHE ,Romina Fraboni
SCIENZE MEDICHE, Paolo   Benetti  
SCIENZE MEDICHE,ANNACHIARA  CAVALIERE
SCIENZE POLITICHE E SOCIALI ,Antonio Sanguinetti
INGEGNERIA INDUSTRIALE E DELL'INFORMAZIONE ,MATTEO CAMMARATA
SCIENZE MEDICHE,Alessandra Del Felice
"SCIENZE STORICHE, FILOSOFICHE, PEDAGOGICHE E PSICOLOGICHE ",ELEONORA  MACCHIA
SCIENZE BIOLOGICHE ,Angela  Gambardella
SCIENZE ECONOMICHE E STATISTICHE ,Andrea  Sottosanti
SCIENZE ECONOMICHE E STATISTICHE ,Maria Letizia Tanturri
SCIENZE MEDICHE,Giuseppe Sergi
SCIENZE POLITICHE E SOCIALI ,Davide Pala
SCIENZE ECONOMICHE E STATISTICHE ,SERENA GALLO
SCIENZE BIOLOGICHE ,Antonio  Adinolfi
SCIENZE ECONOMICHE E STATISTICHE ,Andreea Alexandra Piriu
SCIENZE ECONOMICHE E STATISTICHE ,Paolo Micera
SCIENZE GIURIDICHE ,Giovanni Calabrese
INGEGNERIA INDUSTRIALE E DELL'INFORMAZIONE ,Daniele Fiaschi
 SCIENZE MATEMATICHE E INFORMATICHE ,Patrizia Ribino
INGEGNERIA INDUSTRIALE E DELL'INFORMAZIONE ,Domenico  Mundo
SCIENZE MEDICHE,Jacopo Lidonnici
"SCIENZE STORICHE, FILOSOFICHE, PEDAGOGICHE E PSICOLOGICHE ",Francesca Forlé
SCIENZE MEDICHE,Luca Soraci
SCIENZE POLITICHE E SOCIALI ,Micol Bronzini
SCIENZE MEDICHE,Giulia Grotto
"SCIENZE STORICHE, FILOSOFICHE, PEDAGOGICHE E PSICOLOGICHE ",Sara Mondini
INGEGNERIA INDUSTRIALE E DELL'INFORMAZIONE ,Rocco Oliveto
SCIENZE POLITICHE E SOCIALI ,Carlo Burelli
SCIENZE MEDICHE,Sofia Pavanello
SCIENZE ECONOMICHE E STATISTICHE ,ROCCO MAZZA
SCIENZE BIOLOGICHE ,Mariafrancesca Scalise
SCIENZE MEDICHE,MARIA CONTE
INGEGNERIA INDUSTRIALE E DELL'INFORMAZIONE ,Emanuele  Menegatti
SCIENZE BIOLOGICHE ,Luca Scorrano
SCIENZE CHIMICHE ,Maria Salobehaj
SCIENZE ECONOMICHE E STATISTICHE ,Tatiana  Celadin 
INGEGNERIA INDUSTRIALE E DELL'INFORMAZIONE ,EMMA COLAMARINO
SCIENZE ECONOMICHE E STATISTICHE ,Patrizia  Farina
SCIENZE GIURIDICHE ,Anna D'Ascenzio
SCIENZE ECONOMICHE E STATISTICHE ,MARIALUISA MARZULLO
INGEGNERIA INDUSTRIALE E DELL'INFORMAZIONE ,Alessio Palatella
SCIENZE MEDICHE,VITTORIO DIBELLO
SCIENZE MEDICHE,Marco Sandri
SCIENZE ECONOMICHE E STATISTICHE ,Stefano  Calciolari
 SCIENZE MATEMATICHE E INFORMATICHE ,Daniele Spoladore
SCIENZE POLITICHE E SOCIALI ,Federico  Toth
SCIENZE MEDICHE,Antonio Paoli
SCIENZE ECONOMICHE E STATISTICHE ,Nita Handastya
SCIENZE MEDICHE,Messina Rossella
INGEGNERIA INDUSTRIALE E DELL'INFORMAZIONE ,Filippo Cavallo
SCIENZE POLITICHE E SOCIALI ,Luigi Burroni
SCIENZE MEDICHE,Edoardo Gioele Spinelli
INGEGNERIA INDUSTRIALE E DELL'INFORMAZIONE ,Pietro Tarchi
INGEGNERIA INDUSTRIALE E DELL'INFORMAZIONE ,SIMONE CAUZZO
SCIENZE ECONOMICHE E STATISTICHE ,Daniele Vignoli
SCIENZE BIOLOGICHE ,Sharon Russo
SCIENZE MEDICHE,Carlo  Ferrarese
SCIENZE ECONOMICHE E STATISTICHE ,Maria Vittoria Bufali
SCIENZE BIOLOGICHE ,Elisa Sciurti
"SCIENZE STORICHE, FILOSOFICHE, PEDAGOGICHE E PSICOLOGICHE ",Eleonora Fiorenzato
SCIENZE ECONOMICHE E STATISTICHE ,UMUT ELMAS
"SCIENZE STORICHE, FILOSOFICHE, PEDAGOGICHE E PSICOLOGICHE ",FABRIZIO MEZZA
SCIENZE MEDICHE,Licia Iacoviello
INGEGNERIA INDUSTRIALE E DELL'INFORMAZIONE ,Raffaele Gravina
SCIENZE ECONOMICHE E STATISTICHE ,Carlo  LALLO
SCIENZE MEDICHE,Alberto Catalano
SCIENZE MEDICHE,Klara Komici 
SCIENZE CHIMICHE ,Vincenzo Lettera
INGEGNERIA INDUSTRIALE E DELL'INFORMAZIONE ,Michele Perrelli
SCIENZE MEDICHE,ARIANNA SCALA
SCIENZE MEDICHE,Manuela Campisi
SCIENZE BIOLOGICHE ,Ornella Caputo
SCIENZE BIOLOGICHE ,FABIOLA MASCANZONI
SCIENZE BIOLOGICHE ,Matteo Cabrini 
"SCIENZE STORICHE, FILOSOFICHE, PEDAGOGICHE E PSICOLOGICHE ",Laura Formenti
"SCIENZE STORICHE, FILOSOFICHE, PEDAGOGICHE E PSICOLOGICHE ",DANIELA LEMMO
SCIENZE MEDICHE,Martina Bulgari
INGEGNERIA INDUSTRIALE E DELL'INFORMAZIONE ,Filippo Pallucchini
SCIENZE MEDICHE,Maria Teresa Cimmarusti
"SCIENZE STORICHE, FILOSOFICHE, PEDAGOGICHE E PSICOLOGICHE ",Marianna Delussi
INGEGNERIA CIVILE E ARCHITETTURA ,Mattia Pistolesi
"SCIENZE STORICHE, FILOSOFICHE, PEDAGOGICHE E PSICOLOGICHE ",Olivia Realdon
SCIENZE BIOLOGICHE ,Anna  De Bartolo
"SCIENZE STORICHE, FILOSOFICHE, PEDAGOGICHE E PSICOLOGICHE ",Patrizia Catellani
SCIENZE BIOLOGICHE ,Luca Ballotto
SCIENZE MEDICHE,ALESSANDRA PANTALEO
SCIENZE CHIMICHE ,LARA PERRELLA
SCIENZE BIOLOGICHE ,Beatrice Maria Greco
SCIENZE BIOLOGICHE ,Tommaso  Angelone
SCIENZE ECONOMICHE E STATISTICHE ,Maurizio Nicolaio
SCIENZE ECONOMICHE E STATISTICHE ,Irene Torrini
SCIENZE GIURIDICHE ,RITA CARUSO
INGEGNERIA INDUSTRIALE E DELL'INFORMAZIONE ,Anna Tiso
"SCIENZE STORICHE, FILOSOFICHE, PEDAGOGICHE E PSICOLOGICHE ",LORENZO FILOSA
SCIENZE ECONOMICHE E STATISTICHE ,Enrico Bovo
INGEGNERIA INDUSTRIALE E DELL'INFORMAZIONE ,Valentino Meacci
"SCIENZE STORICHE, FILOSOFICHE, PEDAGOGICHE E PSICOLOGICHE ",Laura Ferrero
SCIENZE ECONOMICHE E STATISTICHE ,Fabrizio Culotta
SCIENZE GIURIDICHE ,Stefano  Corso
"SCIENZE STORICHE, FILOSOFICHE, PEDAGOGICHE E PSICOLOGICHE ",Giulia Sebastianutto
SCIENZE POLITICHE E SOCIALI ,Lucrezia Alice Moschetta
SCIENZE POLITICHE E SOCIALI ,Eugenia Mercuri
SCIENZE GIURIDICHE ,Francesca ROTOLO 
SCIENZE GIURIDICHE ,Marcello DEOTTO
 SCIENZE MATEMATICHE E INFORMATICHE ,Alessandra Grossi
SCIENZE BIOLOGICHE ,Valeria Malacarne
SCIENZE BIOLOGICHE ,Elia Angelino 
SCIENZE BIOLOGICHE ,Giulia Rossino
INGEGNERIA INDUSTRIALE E DELL'INFORMAZIONE ,LIVIO D'ALVIA
SCIENZE MEDICHE,Eleonora Pagan
SCIENZE MEDICHE,Alina Tratsevich
SCIENZE ECONOMICHE E STATISTICHE ,MARTA GIACHELLO
 SCIENZE MATEMATICHE E INFORMATICHE ,Edoardo Trombin
SCIENZE MEDICHE,Jasmine Molaschi
"SCIENZE STORICHE, FILOSOFICHE, PEDAGOGICHE E PSICOLOGICHE ",ZAIRA ROMEO
SCIENZE MEDICHE,IRENE CARUSO
SCIENZE BIOLOGICHE ,MANUELA DI CARLO
SCIENZE MEDICHE,ALFONC BABA
SCIENZE MEDICHE,Chiara Noviello
INGEGNERIA CIVILE E ARCHITETTURA ,FEDERICA ROMAGNOLI
SCIENZE POLITICHE E SOCIALI ,Paolo Pasetti
SCIENZE MEDICHE,Claudia Biagi
SCIENZE MEDICHE,Giulia Matteucci
SCIENZE MEDICHE,CELESTE LAURIOLA
SCIENZE MEDICHE,Alessio Faralli
SCIENZE MEDICHE,Daniela  Melchiorre
SCIENZE MEDICHE,Michele Volpi
SCIENZE MEDICHE,Assunta Ingannato
SCIENZE BIOLOGICHE ,Giulia Fianco
SCIENZE ECONOMICHE E STATISTICHE ,ALESSANDRO FERALDI
SCIENZE MEDICHE,ERIKA RENZI
SCIENZE MEDICHE,Gessica Sala
SCIENZE GIURIDICHE ,MARIA  EPIFANIA
"SCIENZE STORICHE, FILOSOFICHE, PEDAGOGICHE E PSICOLOGICHE ",ARIANNA COSTANTINI
INGEGNERIA CIVILE E ARCHITETTURA ,FRANCESCA SARNO
SCIENZE BIOLOGICHE ,Simona Incollu
SCIENZE ECONOMICHE E STATISTICHE ,Giovanna Apicella
SCIENZE MEDICHE,DANIELA SORRIENTO
SCIENZE ECONOMICHE E STATISTICHE ,Valentina Tocchioni
SCIENZE ECONOMICHE E STATISTICHE ,Mariano Porcu
SCIENZE ECONOMICHE E STATISTICHE ,Isabella Sulis
SCIENZE POLITICHE E SOCIALI ,Marco Pitzalis
SCIENZE POLITICHE E SOCIALI ,Emanuela Spanò
"SCIENZE STORICHE, FILOSOFICHE, PEDAGOGICHE E PSICOLOGICHE ",Barbara Barbieri
INGEGNERIA INDUSTRIALE E DELL'INFORMAZIONE ,Assal SELMA
SCIENZE MEDICHE,Francesco  Nicoli
SCIENZE MEDICHE,Davide Proietto
SCIENZE ECONOMICHE E STATISTICHE ,Stefano Montrasio
INGEGNERIA INDUSTRIALE E DELL'INFORMAZIONE ,Nicola Pesce
SCIENZE BIOLOGICHE ,Giorgia Bolognesi 
SCIENZE BIOLOGICHE ,Vincenzo  Iannuzzi
SCIENZE BIOLOGICHE ,Daniela Colucci
SCIENZE POLITICHE E SOCIALI ,Marino Pezzolo
SCIENZE BIOLOGICHE ,Silvia Concetta Colucci
SCIENZE BIOLOGICHE ,Graziana Colaianni
SCIENZE BIOLOGICHE ,Angela Oranger
SCIENZE MEDICHE,Angelo Torrente
SCIENZE MEDICHE,Fabrizio Guajana
SCIENZE ECONOMICHE E STATISTICHE ,Andrea Priulla
SCIENZE FISICHE ,Francesco Giuliani
"SCIENZE STORICHE, FILOSOFICHE, PEDAGOGICHE E PSICOLOGICHE ",Grazia D'Onofrio
"SCIENZE STORICHE, FILOSOFICHE, PEDAGOGICHE E PSICOLOGICHE ",Giuseppina Iannacone
SCIENZE GIURIDICHE ,Massimiliano Malvicini
SCIENZE BIOLOGICHE ,Annamaria Cerantonio
SCIENZE BIOLOGICHE ,Fabio  Busonero
 SCIENZE MATEMATICHE E INFORMATICHE ,Sileshi Nibret Zeleke
SCIENZE MEDICHE,Jessica Gambardella
SCIENZE MEDICHE,Erica Busca
SCIENZE MEDICHE,Isabella Santomauro
SCIENZE MEDICHE,Erika Bassi
SCIENZE MEDICHE,Roberta  Bernardini
SCIENZE MEDICHE,Felicia Carotenuto
INGEGNERIA INDUSTRIALE E DELL'INFORMAZIONE ,Mario Mezzanzanica
 SCIENZE MATEMATICHE E INFORMATICHE ,Agnese Iannaccone
SCIENZE POLITICHE E SOCIALI ,giulia ganugi
INGEGNERIA INDUSTRIALE E DELL'INFORMAZIONE ,Sileshi Nibret  Zeleke
SCIENZE ECONOMICHE E STATISTICHE ,Federico Benassi
INGEGNERIA INDUSTRIALE E DELL'INFORMAZIONE ,Elena Adelucci
INGEGNERIA INDUSTRIALE E DELL'INFORMAZIONE ,Niccolò Alunni
INGEGNERIA INDUSTRIALE E DELL'INFORMAZIONE ,Martina Falagiani
INGEGNERIA INDUSTRIALE E DELL'INFORMAZIONE ,AMIN TUNI GURE
SCIENZE ECONOMICHE E STATISTICHE ,Revathi Palat Rao
SCIENZE ECONOMICHE E STATISTICHE ,Lucia Coppola
SCIENZE ECONOMICHE E STATISTICHE ,Isabella  Siciliani
INGEGNERIA INDUSTRIALE E DELL'INFORMAZIONE ,Paolo Mattesini
SCIENZE MEDICHE,Maria Cristina Ferrara
SCIENZE BIOLOGICHE ,Giuseppina Basta
SCIENZE FISICHE ,Diletta Ami
SCIENZE POLITICHE E SOCIALI ,Lorenzo Spadetto
SCIENZE MEDICHE,Francesca Ingravallo
SCIENZE POLITICHE E SOCIALI ,Michele Marzulli
SCIENZE POLITICHE E SOCIALI ,Giuseppe Gargiulo
SCIENZE BIOLOGICHE ,Ombretta Guardiola
SCIENZE ECONOMICHE E STATISTICHE ,Erika Dicorato
SCIENZE BIOLOGICHE ,Marta Balietti 
SCIENZE MEDICHE,Paolo Balietti 
SCIENZE GIURIDICHE ,Serena  Cancellieri
SCIENZE MEDICHE,Barbara  Carrieri
SCIENZE POLITICHE E SOCIALI ,Georgia Casanova
SCIENZE BIOLOGICHE ,Tiziana Casoli
SCIENZE MEDICHE,Giuseppina Dell'Aquila
SCIENZE ECONOMICHE E STATISTICHE ,Mirko Di Rosa
SCIENZE MEDICHE,Massimiliano Fedecostante
SCIENZE POLITICHE E SOCIALI ,Matteo Finco
SCIENZE MEDICHE,Chiara Giordani
SCIENZE MEDICHE,Giada Ida Greco
SCIENZE MEDICHE,Marco Malavolta
SCIENZE MEDICHE,Francesca Marchegiani
SCIENZE MEDICHE,Giulia Matacchione
SCIENZE BIOLOGICHE ,Ersilia Paparazzo
SCIENZE MEDICHE,Rina Recchioni
SCIENZE MEDICHE,Fabio Salvi
SCIENZE POLITICHE E SOCIALI ,Marco Socci
"SCIENZE STORICHE, FILOSOFICHE, PEDAGOGICHE E PSICOLOGICHE ",Vera Stara
SCIENZE MEDICHE,Serena Marcozzi
SCIENZE MEDICHE,Maria Elisa Giuliani
SCIENZE BIOLOGICHE ,Rosanna Maniscalco
SCIENZE BIOLOGICHE ,Raffaella Moresi
SCIENZE MEDICHE,Luigi  Pranno
SCIENZE MEDICHE,Leonardo Biscetti
SCIENZE BIOLOGICHE ,Matilde Sbriscia
SCIENZE MEDICHE,Carlo Zottola
SCIENZE BIOLOGICHE ,Anna Picca
SCIENZE BIOLOGICHE ,Bianca Rocca
SCIENZE BIOLOGICHE ,Maria Cristina D'adamo
SCIENZE FISICHE ,Gianfranco Tassielli
SCIENZE BIOLOGICHE ,Federica Papaccio
SCIENZE MEDICHE,Elena Ciaglia
SCIENZE MEDICHE,Jessica Dal Col
SCIENZE MEDICHE,Luigi  Losco
SCIENZE MEDICHE,Francesco Sabbatino
SCIENZE MEDICHE,Alessandro Caputo
SCIENZE MEDICHE,Celestino  Sardu
SCIENZE CHIMICHE ,Manuela Giovanna Basilicata
SCIENZE MEDICHE,Lucia  Scisciola
SCIENZE MEDICHE,Katherine  Esposito
SCIENZE MEDICHE,Ada  Pesapane
SCIENZE MEDICHE,Giuseppe  Bellastella
SCIENZE MEDICHE,Maria Ida Maiorino
SCIENZE MEDICHE,Giovanni Francesco Nicoletti
SCIENZE MEDICHE,Lucio Publio Gallo
SCIENZE POLITICHE E SOCIALI ,Ludovica Rossotti
SCIENZE ECONOMICHE E STATISTICHE ,MICHELE BELLONI
SCIENZE POLITICHE E SOCIALI ,Francesca Donati
 SCIENZE MATEMATICHE E INFORMATICHE ,Giovanni Paragliola
SCIENZE MEDICHE,Marianna Noale
SCIENZE BIOLOGICHE ,Giulia Musso
"SCIENZE STORICHE, FILOSOFICHE, PEDAGOGICHE E PSICOLOGICHE ",Francesca Vianello
SCIENZE MEDICHE,Chiara Ceolin
INGEGNERIA INDUSTRIALE E DELL'INFORMAZIONE ,Giacomo Sasso
SCIENZE MEDICHE,Francesco Nicoli
SCIENZE FISICHE ,Antonino Natalello
INGEGNERIA INDUSTRIALE E DELL'INFORMAZIONE ,Adele Magi
SCIENZE MEDICHE,Marco Malavolta
SCIENZE POLITICHE E SOCIALI ,Simone Carlo
SCIENZE CHIMICHE ,Jacopo Patrussi
INGEGNERIA INDUSTRIALE E DELL'INFORMAZIONE ,Nicola Pesce
INGEGNERIA INDUSTRIALE E DELL'INFORMAZIONE ,Alessandro Pagani
SCIENZE MEDICHE,Alessandra Stasi
"SCIENZE STORICHE, FILOSOFICHE, PEDAGOGICHE E PSICOLOGICHE ",Alessandra Dodich
SCIENZE MEDICHE,Laura Smeldy Jurado Medina
SCIENZE CHIMICHE ,Gaia Meoni
INGEGNERIA INDUSTRIALE E DELL'INFORMAZIONE ,Stefano Ghidoni
SCIENZE BIOLOGICHE ,ANNALISA COZZA
INGEGNERIA INDUSTRIALE E DELL'INFORMAZIONE ,Alessandro Pagani
 SCIENZE MATEMATICHE E INFORMATICHE ,Paola Salvatore
SCIENZE ECONOMICHE E STATISTICHE ,Luca Vota
SCIENZE ECONOMICHE E STATISTICHE ,Rosella Rettaroli
SCIENZE MEDICHE,Mariapia Giuditta Cratere
SCIENZE MEDICHE,Melissa Danna
INGEGNERIA INDUSTRIALE E DELL'INFORMAZIONE ,Marcella Piacentino
INGEGNERIA INDUSTRIALE E DELL'INFORMAZIONE ,FRANCESCO SCHETTER
 SCIENZE MATEMATICHE E INFORMATICHE ,Claudia Di Napoli
SCIENZE MEDICHE,Maria Laura  Ferrando
SCIENZE MEDICHE,Marco Trerotola
SCIENZE BIOLOGICHE ,Maurizio Ronci
SCIENZE BIOLOGICHE ,Patrizia Di Iorio
SCIENZE BIOLOGICHE ,Concetta Saponaro
SCIENZE BIOLOGICHE ,Simona De Summa
SCIENZE BIOLOGICHE ,Antonio  Tufaro
SCIENZE MEDICHE,Giuseppe Manuel De Palma
SCIENZE BIOLOGICHE ,Daniele Vergara
SCIENZE BIOLOGICHE ,Anna Maria Giudetti
SCIENZE CHIMICHE ,Francesco Paolo Fanizzi
SCIENZE ECONOMICHE E STATISTICHE ,Biagio Iacolare
"SCIENZE STORICHE, FILOSOFICHE, PEDAGOGICHE E PSICOLOGICHE ",Marta Massei
SCIENZE BIOLOGICHE ,Venturina Stagnu
